{
  "schema": "1.0.5",
  "type": "whmcs-gateways",
  "name": "bkash-checkout",
  "license": "MIT",
  "category": "gateway",
  "description": {
    "name": "bKash Merchant Checkout Payment Gateway",
    "tagline": "Easily collect your payment by using bKash merchant checkout in your WHMCS Billing.",
    "long": "",
    "features": [
      "WHMCS 8 Support"
    ]
  },
  "logo": {
    "filename": "logo.png"
  },
  "support": {
    "homepage": "https://aminul.net/project/bkash-checkout-for-whmcs/",
    "learn_more": "https://aminul.net/project/bkash-checkout-for-whmcs/",
    "email": "me@aminul.net",
    "support_url": "https://aminul.net/project/bkash-checkout-for-whmcs/",
    "docs_url": "https://aminul.net/project/bkash-checkout-for-whmcs/"
  },
  "authors": [
    {
      "name": "Aminul Islam",
      "homepage": "https://aminul.net/"
    }
  ]
}
